"profile.region.northern","mean_received_certificate"
"Arua",0.272727272727273
"Gulu",0.193548387096774
"Kitgum",0.222222222222222
"Lira",0.141935483870968
"no-report",0.145299145299145
